{"10.0.0.1": 1778015888.597189, "10.0.0.5": 1778015909.0906613}